Title,Category
Why NIST 800-88 Data Destruction is Crucial in 2026,Compliance
Selling Your Dead MacBook Pro in Kochi: Best Prices,Buyback
DPDP Act 2023 Penalties: A Checklist for Kochi Businesses,Legal
Hard Drive Shredding Cost in Ernakulam: 2026 Price Guide,Pricing
Best E-Waste Recycling Practices for Kerala Households #1,Environment
Best E-Waste Recycling Practices for Kerala Households #2,Environment
Best E-Waste Recycling Practices for Kerala Households #3,Environment
Best E-Waste Recycling Practices for Kerala Households #4,Environment
Best E-Waste Recycling Practices for Kerala Households #5,Environment
Best E-Waste Recycling Practices for Kerala Households #6,Environment
Best E-Waste Recycling Practices for Kerala Households #7,Environment
Best E-Waste Recycling Practices for Kerala Households #8,Environment
Best E-Waste Recycling Practices for Kerala Households #9,Environment
Best E-Waste Recycling Practices for Kerala Households #10,Environment
Best E-Waste Recycling Practices for Kerala Households #11,Environment
Best E-Waste Recycling Practices for Kerala Households #12,Environment
Best E-Waste Recycling Practices for Kerala Households #13,Environment
Best E-Waste Recycling Practices for Kerala Households #14,Environment
Best E-Waste Recycling Practices for Kerala Households #15,Environment
Best E-Waste Recycling Practices for Kerala Households #16,Environment
Best E-Waste Recycling Practices for Kerala Households #17,Environment
Best E-Waste Recycling Practices for Kerala Households #18,Environment
Best E-Waste Recycling Practices for Kerala Households #19,Environment
Best E-Waste Recycling Practices for Kerala Households #20,Environment
Best E-Waste Recycling Practices for Kerala Households #21,Environment
Best E-Waste Recycling Practices for Kerala Households #22,Environment
Best E-Waste Recycling Practices for Kerala Households #23,Environment
Best E-Waste Recycling Practices for Kerala Households #24,Environment
Best E-Waste Recycling Practices for Kerala Households #25,Environment
Best E-Waste Recycling Practices for Kerala Households #26,Environment
Best E-Waste Recycling Practices for Kerala Households #27,Environment
Best E-Waste Recycling Practices for Kerala Households #28,Environment
Best E-Waste Recycling Practices for Kerala Households #29,Environment
Best E-Waste Recycling Practices for Kerala Households #30,Environment
Best E-Waste Recycling Practices for Kerala Households #31,Environment
Best E-Waste Recycling Practices for Kerala Households #32,Environment
Best E-Waste Recycling Practices for Kerala Households #33,Environment
Best E-Waste Recycling Practices for Kerala Households #34,Environment
Best E-Waste Recycling Practices for Kerala Households #35,Environment
Best E-Waste Recycling Practices for Kerala Households #36,Environment
Best E-Waste Recycling Practices for Kerala Households #37,Environment
Best E-Waste Recycling Practices for Kerala Households #38,Environment
Best E-Waste Recycling Practices for Kerala Households #39,Environment
Best E-Waste Recycling Practices for Kerala Households #40,Environment
Best E-Waste Recycling Practices for Kerala Households #41,Environment
Best E-Waste Recycling Practices for Kerala Households #42,Environment
Best E-Waste Recycling Practices for Kerala Households #43,Environment
Best E-Waste Recycling Practices for Kerala Households #44,Environment
Best E-Waste Recycling Practices for Kerala Households #45,Environment
Best E-Waste Recycling Practices for Kerala Households #46,Environment
Best E-Waste Recycling Practices for Kerala Households #47,Environment
Best E-Waste Recycling Practices for Kerala Households #48,Environment
Best E-Waste Recycling Practices for Kerala Households #49,Environment
Best E-Waste Recycling Practices for Kerala Households #50,Environment
Best E-Waste Recycling Practices for Kerala Households #51,Environment
Best E-Waste Recycling Practices for Kerala Households #52,Environment
Best E-Waste Recycling Practices for Kerala Households #53,Environment
Best E-Waste Recycling Practices for Kerala Households #54,Environment
Best E-Waste Recycling Practices for Kerala Households #55,Environment
Best E-Waste Recycling Practices for Kerala Households #56,Environment
Best E-Waste Recycling Practices for Kerala Households #57,Environment
Best E-Waste Recycling Practices for Kerala Households #58,Environment
Best E-Waste Recycling Practices for Kerala Households #59,Environment
Best E-Waste Recycling Practices for Kerala Households #60,Environment
Best E-Waste Recycling Practices for Kerala Households #61,Environment
Best E-Waste Recycling Practices for Kerala Households #62,Environment
Best E-Waste Recycling Practices for Kerala Households #63,Environment
Best E-Waste Recycling Practices for Kerala Households #64,Environment
Best E-Waste Recycling Practices for Kerala Households #65,Environment
Best E-Waste Recycling Practices for Kerala Households #66,Environment
Best E-Waste Recycling Practices for Kerala Households #67,Environment
Best E-Waste Recycling Practices for Kerala Households #68,Environment
Best E-Waste Recycling Practices for Kerala Households #69,Environment
Best E-Waste Recycling Practices for Kerala Households #70,Environment
Best E-Waste Recycling Practices for Kerala Households #71,Environment
Best E-Waste Recycling Practices for Kerala Households #72,Environment
Best E-Waste Recycling Practices for Kerala Households #73,Environment
Best E-Waste Recycling Practices for Kerala Households #74,Environment
Best E-Waste Recycling Practices for Kerala Households #75,Environment
Best E-Waste Recycling Practices for Kerala Households #76,Environment
Best E-Waste Recycling Practices for Kerala Households #77,Environment
Best E-Waste Recycling Practices for Kerala Households #78,Environment
Best E-Waste Recycling Practices for Kerala Households #79,Environment
Best E-Waste Recycling Practices for Kerala Households #80,Environment
Best E-Waste Recycling Practices for Kerala Households #81,Environment
Best E-Waste Recycling Practices for Kerala Households #82,Environment
Best E-Waste Recycling Practices for Kerala Households #83,Environment
Best E-Waste Recycling Practices for Kerala Households #84,Environment
Best E-Waste Recycling Practices for Kerala Households #85,Environment
Best E-Waste Recycling Practices for Kerala Households #86,Environment
Best E-Waste Recycling Practices for Kerala Households #87,Environment
Best E-Waste Recycling Practices for Kerala Households #88,Environment
Best E-Waste Recycling Practices for Kerala Households #89,Environment
Best E-Waste Recycling Practices for Kerala Households #90,Environment
Best E-Waste Recycling Practices for Kerala Households #91,Environment
Best E-Waste Recycling Practices for Kerala Households #92,Environment
Best E-Waste Recycling Practices for Kerala Households #93,Environment
Best E-Waste Recycling Practices for Kerala Households #94,Environment
Best E-Waste Recycling Practices for Kerala Households #95,Environment
Best E-Waste Recycling Practices for Kerala Households #96,Environment
Best E-Waste Recycling Practices for Kerala Households #97,Environment
Best E-Waste Recycling Practices for Kerala Households #98,Environment
Best E-Waste Recycling Practices for Kerala Households #99,Environment
Best E-Waste Recycling Practices for Kerala Households #100,Environment
Best E-Waste Recycling Practices for Kerala Households #101,Environment
Best E-Waste Recycling Practices for Kerala Households #102,Environment
Best E-Waste Recycling Practices for Kerala Households #103,Environment
Best E-Waste Recycling Practices for Kerala Households #104,Environment
Best E-Waste Recycling Practices for Kerala Households #105,Environment
Best E-Waste Recycling Practices for Kerala Households #106,Environment
Best E-Waste Recycling Practices for Kerala Households #107,Environment
Best E-Waste Recycling Practices for Kerala Households #108,Environment
Best E-Waste Recycling Practices for Kerala Households #109,Environment
Best E-Waste Recycling Practices for Kerala Households #110,Environment
Best E-Waste Recycling Practices for Kerala Households #111,Environment
Best E-Waste Recycling Practices for Kerala Households #112,Environment
Best E-Waste Recycling Practices for Kerala Households #113,Environment
Best E-Waste Recycling Practices for Kerala Households #114,Environment
Best E-Waste Recycling Practices for Kerala Households #115,Environment
Best E-Waste Recycling Practices for Kerala Households #116,Environment
Best E-Waste Recycling Practices for Kerala Households #117,Environment
Best E-Waste Recycling Practices for Kerala Households #118,Environment
Best E-Waste Recycling Practices for Kerala Households #119,Environment
Best E-Waste Recycling Practices for Kerala Households #120,Environment
Best E-Waste Recycling Practices for Kerala Households #121,Environment
Best E-Waste Recycling Practices for Kerala Households #122,Environment
Best E-Waste Recycling Practices for Kerala Households #123,Environment
Best E-Waste Recycling Practices for Kerala Households #124,Environment
Best E-Waste Recycling Practices for Kerala Households #125,Environment
Best E-Waste Recycling Practices for Kerala Households #126,Environment
Best E-Waste Recycling Practices for Kerala Households #127,Environment
Best E-Waste Recycling Practices for Kerala Households #128,Environment
Best E-Waste Recycling Practices for Kerala Households #129,Environment
Best E-Waste Recycling Practices for Kerala Households #130,Environment
Best E-Waste Recycling Practices for Kerala Households #131,Environment
Best E-Waste Recycling Practices for Kerala Households #132,Environment
Best E-Waste Recycling Practices for Kerala Households #133,Environment
Best E-Waste Recycling Practices for Kerala Households #134,Environment
Best E-Waste Recycling Practices for Kerala Households #135,Environment
Best E-Waste Recycling Practices for Kerala Households #136,Environment
Best E-Waste Recycling Practices for Kerala Households #137,Environment
Best E-Waste Recycling Practices for Kerala Households #138,Environment
Best E-Waste Recycling Practices for Kerala Households #139,Environment
Best E-Waste Recycling Practices for Kerala Households #140,Environment
Best E-Waste Recycling Practices for Kerala Households #141,Environment
Best E-Waste Recycling Practices for Kerala Households #142,Environment
Best E-Waste Recycling Practices for Kerala Households #143,Environment
Best E-Waste Recycling Practices for Kerala Households #144,Environment
Best E-Waste Recycling Practices for Kerala Households #145,Environment
Best E-Waste Recycling Practices for Kerala Households #146,Environment
Best E-Waste Recycling Practices for Kerala Households #147,Environment
Best E-Waste Recycling Practices for Kerala Households #148,Environment
Best E-Waste Recycling Practices for Kerala Households #149,Environment
Best E-Waste Recycling Practices for Kerala Households #150,Environment
Best E-Waste Recycling Practices for Kerala Households #151,Environment
Best E-Waste Recycling Practices for Kerala Households #152,Environment
Best E-Waste Recycling Practices for Kerala Households #153,Environment
Best E-Waste Recycling Practices for Kerala Households #154,Environment
Best E-Waste Recycling Practices for Kerala Households #155,Environment
Best E-Waste Recycling Practices for Kerala Households #156,Environment
Best E-Waste Recycling Practices for Kerala Households #157,Environment
Best E-Waste Recycling Practices for Kerala Households #158,Environment
Best E-Waste Recycling Practices for Kerala Households #159,Environment
Best E-Waste Recycling Practices for Kerala Households #160,Environment
Best E-Waste Recycling Practices for Kerala Households #161,Environment
Best E-Waste Recycling Practices for Kerala Households #162,Environment
Best E-Waste Recycling Practices for Kerala Households #163,Environment
Best E-Waste Recycling Practices for Kerala Households #164,Environment
Best E-Waste Recycling Practices for Kerala Households #165,Environment
Best E-Waste Recycling Practices for Kerala Households #166,Environment
Best E-Waste Recycling Practices for Kerala Households #167,Environment
Best E-Waste Recycling Practices for Kerala Households #168,Environment
Best E-Waste Recycling Practices for Kerala Households #169,Environment
Best E-Waste Recycling Practices for Kerala Households #170,Environment
Best E-Waste Recycling Practices for Kerala Households #171,Environment
Best E-Waste Recycling Practices for Kerala Households #172,Environment
Best E-Waste Recycling Practices for Kerala Households #173,Environment
Best E-Waste Recycling Practices for Kerala Households #174,Environment
Best E-Waste Recycling Practices for Kerala Households #175,Environment
Best E-Waste Recycling Practices for Kerala Households #176,Environment
Best E-Waste Recycling Practices for Kerala Households #177,Environment
Best E-Waste Recycling Practices for Kerala Households #178,Environment
Best E-Waste Recycling Practices for Kerala Households #179,Environment
Best E-Waste Recycling Practices for Kerala Households #180,Environment
Best E-Waste Recycling Practices for Kerala Households #181,Environment
Best E-Waste Recycling Practices for Kerala Households #182,Environment
Best E-Waste Recycling Practices for Kerala Households #183,Environment
Best E-Waste Recycling Practices for Kerala Households #184,Environment
Best E-Waste Recycling Practices for Kerala Households #185,Environment
Best E-Waste Recycling Practices for Kerala Households #186,Environment
Best E-Waste Recycling Practices for Kerala Households #187,Environment
Best E-Waste Recycling Practices for Kerala Households #188,Environment
Best E-Waste Recycling Practices for Kerala Households #189,Environment
Best E-Waste Recycling Practices for Kerala Households #190,Environment
Best E-Waste Recycling Practices for Kerala Households #191,Environment
Best E-Waste Recycling Practices for Kerala Households #192,Environment
Best E-Waste Recycling Practices for Kerala Households #193,Environment
Best E-Waste Recycling Practices for Kerala Households #194,Environment
Best E-Waste Recycling Practices for Kerala Households #195,Environment
Best E-Waste Recycling Practices for Kerala Households #196,Environment
Best E-Waste Recycling Practices for Kerala Households #197,Environment
Best E-Waste Recycling Practices for Kerala Households #198,Environment
Best E-Waste Recycling Practices for Kerala Households #199,Environment
Best E-Waste Recycling Practices for Kerala Households #200,Environment
